Vegan Omega-3,NuTru O-Mega-Zen + EPA,NuTru,Label Accuracy,79
Vegan Omega-3,NuTru O-Mega-Zen + EPA,NuTru,Product Purity,100
Vegan Omega-3,NuTru O-Mega-Zen + EPA,NuTru,Nutritional Value,100
Vegan Omega-3,NuTru O-Mega-Zen + EPA,NuTru,Ingredient Safety,98
Vegan Omega-3,NuTru O-Mega-Zen + EPA,NuTru,Projected Efficacy,100
Vegan Omega-3,Nordic Naturals Algae Omega,Nordic Naturals,Label Accuracy,77
Vegan Omega-3,Nordic Naturals Algae Omega,Nordic Naturals,Product Purity,100
Vegan Omega-3,Nordic Naturals Algae Omega,Nordic Naturals,Nutritional Value,99
Vegan Omega-3,Nordic Naturals Algae Omega,Nordic Naturals,Ingredient Safety,98
Vegan Omega-3,Nordic Naturals Algae Omega,Nordic Naturals,Projected Efficacy,100
Vegan Omega-3,Barlean's Omega Swirl 3-6-9 Vegan Total Omega,Barlean's Omega,Label Accuracy,93
Vegan Omega-3,Barlean's Omega Swirl 3-6-9 Vegan Total Omega,Barlean's Omega,Product Purity,100
Vegan Omega-3,Barlean's Omega Swirl 3-6-9 Vegan Total Omega,Barlean's Omega,Nutritional Value,93
Vegan Omega-3,Barlean's Omega Swirl 3-6-9 Vegan Total Omega,Barlean's Omega,Ingredient Safety,91
Vegan Omega-3,Barlean's Omega Swirl 3-6-9 Vegan Total Omega,Barlean's Omega,Projected Efficacy,99
Vegan Omega-3,Garden of Life Minami Algae Omega-3 Vegan DHA,Garden of Life,Label Accuracy,78
Vegan Omega-3,Garden of Life Minami Algae Omega-3 Vegan DHA,Garden of Life,Product Purity,100
Vegan Omega-3,Garden of Life Minami Algae Omega-3 Vegan DHA,Garden of Life,Nutritional Value,100
Vegan Omega-3,Garden of Life Minami Algae Omega-3 Vegan DHA,Garden of Life,Ingredient Safety,98
Vegan Omega-3,Garden of Life Minami Algae Omega-3 Vegan DHA,Garden of Life,Projected Efficacy,89
Vegan Omega-3,Ovega-3 Omega-3 Supplement,Ovega-3,Label Accuracy,78
Vegan Omega-3,Ovega-3 Omega-3 Supplement,Ovega-3,Product Purity,100
Vegan Omega-3,Ovega-3 Omega-3 Supplement,Ovega-3,Nutritional Value,99
Vegan Omega-3,Ovega-3 Omega-3 Supplement,Ovega-3,Ingredient Safety,84
Vegan Omega-3,Ovega-3 Omega-3 Supplement,Ovega-3,Projected Efficacy,100
Vegan Omega-3,Source Naturals Vegan True Non-Fish Omega-3s,Source Naturals,Label Accuracy,77
Vegan Omega-3,Source Naturals Vegan True Non-Fish Omega-3s,Source Naturals,Product Purity,100
Vegan Omega-3,Source Naturals Vegan True Non-Fish Omega-3s,Source Naturals,Nutritional Value,99
Vegan Omega-3,Source Naturals Vegan True Non-Fish Omega-3s,Source Naturals,Ingredient Safety,81
Vegan Omega-3,Source Naturals Vegan True Non-Fish Omega-3s,Source Naturals,Projected Efficacy,100
Vegan Omega-3,Deva Vegan Omega-3 300 mg DHA-EPA Non-Fish ,Deva,Label Accuracy,90
Vegan Omega-3,Deva Vegan Omega-3 300 mg DHA-EPA Non-Fish ,Deva,Product Purity,100
Vegan Omega-3,Deva Vegan Omega-3 300 mg DHA-EPA Non-Fish ,Deva,Nutritional Value,100
Vegan Omega-3,Deva Vegan Omega-3 300 mg DHA-EPA Non-Fish ,Deva,Ingredient Safety,84
Vegan Omega-3,Deva Vegan Omega-3 300 mg DHA-EPA Non-Fish ,Deva,Projected Efficacy,71
Vegan Omega-3,Deva Vegan Omega-3 DHA-EPA Non-Fish Delayed Release,Deva,Label Accuracy,100
Vegan Omega-3,Deva Vegan Omega-3 DHA-EPA Non-Fish Delayed Release,Deva,Product Purity,72
Vegan Omega-3,Deva Vegan Omega-3 DHA-EPA Non-Fish Delayed Release,Deva,Nutritional Value,99
Vegan Omega-3,Deva Vegan Omega-3 DHA-EPA Non-Fish Delayed Release,Deva,Ingredient Safety,98
Vegan Omega-3,Deva Vegan Omega-3 DHA-EPA Non-Fish Delayed Release,Deva,Projected Efficacy,42
Vegan Omega-3,Amala Vegan - Vegan Omega 3 DHA+EPA,Amala,Label Accuracy,90
Vegan Omega-3,Amala Vegan - Vegan Omega 3 DHA+EPA,Amala,Product Purity,87
Vegan Omega-3,Amala Vegan - Vegan Omega 3 DHA+EPA,Amala,Nutritional Value,100
Vegan Omega-3,Amala Vegan - Vegan Omega 3 DHA+EPA,Amala,Ingredient Safety,95
Vegan Omega-3,Amala Vegan - Vegan Omega 3 DHA+EPA,Amala,Projected Efficacy,38
Vegan Omega-3,Sundown Naturals Omega 3-6-9,Sundown,Label Accuracy,98
Vegan Omega-3,Sundown Naturals Omega 3-6-9,Sundown,Product Purity,93
Vegan Omega-3,Sundown Naturals Omega 3-6-9,Sundown,Nutritional Value,99
Vegan Omega-3,Sundown Naturals Omega 3-6-9,Sundown,Ingredient Safety,84
Vegan Omega-3,Sundown Naturals Omega 3-6-9,Sundown,Projected Efficacy,31
Vegan Omega-3,Deva Premium Vegan Flaxseed Oil Omega-3 ,Deva,Label Accuracy,93
Vegan Omega-3,Deva Premium Vegan Flaxseed Oil Omega-3 ,Deva,Product Purity,50
Vegan Omega-3,Deva Premium Vegan Flaxseed Oil Omega-3 ,Deva,Nutritional Value,99
Vegan Omega-3,Deva Premium Vegan Flaxseed Oil Omega-3 ,Deva,Ingredient Safety,98
Vegan Omega-3,Deva Premium Vegan Flaxseed Oil Omega-3 ,Deva,Projected Efficacy,36
Vitamin B12,VeganSafe B12,VeganSafe,Label Accuracy,73
Vitamin B12,VeganSafe B12,VeganSafe,Product Purity,100
Vitamin B12,VeganSafe B12,VeganSafe,Nutritional Value,100
Vitamin B12,VeganSafe B12,VeganSafe,Ingredient Safety,99
Vitamin B12,VeganSafe B12,VeganSafe,Projected Efficacy,70
Vitamin B12,Nature Made B12 Timed Release,Nature Made,Label Accuracy,92
Vitamin B12,Nature Made B12 Timed Release,Nature Made,Product Purity,100
Vitamin B12,Nature Made B12 Timed Release,Nature Made,Nutritional Value,100
Vitamin B12,Nature Made B12 Timed Release,Nature Made,Ingredient Safety,94
Vitamin B12,Nature Made B12 Timed Release,Nature Made,Projected Efficacy,70
Vitamin B12,Twinlab B12 Dots,Twinlab,Label Accuracy,84
Vitamin B12,Twinlab B12 Dots,Twinlab,Product Purity,100
Vitamin B12,Twinlab B12 Dots,Twinlab,Nutritional Value,100
Vitamin B12,Twinlab B12 Dots,Twinlab,Ingredient Safety,95
Vitamin B12,Twinlab B12 Dots,Twinlab,Projected Efficacy,70
Vitamin B12,Live Wise Naturals B12,Live Wise,Label Accuracy,58
Vitamin B12,Live Wise Naturals B12,Live Wise,Product Purity,100
Vitamin B12,Live Wise Naturals B12,Live Wise,Nutritional Value,100
Vitamin B12,Live Wise Naturals B12,Live Wise,Ingredient Safety,100
Vitamin B12,Live Wise Naturals B12,Live Wise,Projected Efficacy,70
Vitamin B12,Nature Made B12,Nature Made,Label Accuracy,77
Vitamin B12,Nature Made B12,Nature Made,Product Purity,100
Vitamin B12,Nature Made B12,Nature Made,Nutritional Value,100
Vitamin B12,Nature Made B12,Nature Made,Ingredient Safety,94
Vitamin B12,Nature Made B12,Nature Made,Projected Efficacy,70
Vitamin B12,NOW Foods B12,NOW Foods,Label Accuracy,80
Vitamin B12,NOW Foods B12,NOW Foods,Product Purity,100
Vitamin B12,NOW Foods B12,NOW Foods,Nutritional Value,100
Vitamin B12,NOW Foods B12,NOW Foods,Ingredient Safety,92
Vitamin B12,NOW Foods B12,NOW Foods,Projected Efficacy,70
Vitamin B12,Nature's Bounty Super Strength Liquid B12,Nature's Bounty,Label Accuracy,60
Vitamin B12,Nature's Bounty Super Strength Liquid B12,Nature's Bounty,Product Purity,100
Vitamin B12,Nature's Bounty Super Strength Liquid B12,Nature's Bounty,Nutritional Value,100
Vitamin B12,Nature's Bounty Super Strength Liquid B12,Nature's Bounty,Ingredient Safety,93
Vitamin B12,Nature's Bounty Super Strength Liquid B12,Nature's Bounty,Projected Efficacy,71
Vitamin B12,Seeking Health Active B12,Seeking Health,Label Accuracy,62
Vitamin B12,Seeking Health Active B12,Seeking Health,Product Purity,100
Vitamin B12,Seeking Health Active B12,Seeking Health,Nutritional Value,100
Vitamin B12,Seeking Health Active B12,Seeking Health,Ingredient Safety,92
Vitamin B12,Seeking Health Active B12,Seeking Health,Projected Efficacy,70
Vitamin B12,Garden of Life Mykind Organics B12 Spray,Garden of Life,Label Accuracy,26
Vitamin B12,Garden of Life Mykind Organics B12 Spray,Garden of Life,Product Purity,100
Vitamin B12,Garden of Life Mykind Organics B12 Spray,Garden of Life,Nutritional Value,100
Vitamin B12,Garden of Life Mykind Organics B12 Spray,Garden of Life,Ingredient Safety,99
Vitamin B12,Garden of Life Mykind Organics B12 Spray,Garden of Life,Projected Efficacy,70
Vitamin B12,Kirkland Signature Quick Dissolve B12,Kirkland Signature,Label Accuracy,86
Vitamin B12,Kirkland Signature Quick Dissolve B12,Kirkland Signature,Product Purity,100
Vitamin B12,Kirkland Signature Quick Dissolve B12,Kirkland Signature,Nutritional Value,100
Vitamin B12,Kirkland Signature Quick Dissolve B12,Kirkland Signature,Ingredient Safety,83
Vitamin B12,Kirkland Signature Quick Dissolve B12,Kirkland Signature,Projected Efficacy,71
Vitamin B12,Vitafusion Energy B12 Gummy Vitamins,Vitafusion,Label Accuracy,47
Vitamin B12,Vitafusion Energy B12 Gummy Vitamins,Vitafusion,Product Purity,100
Vitamin B12,Vitafusion Energy B12 Gummy Vitamins,Vitafusion,Nutritional Value,99
Vitamin B12,Vitafusion Energy B12 Gummy Vitamins,Vitafusion,Ingredient Safety,93
Vitamin B12,Vitafusion Energy B12 Gummy Vitamins,Vitafusion,Projected Efficacy,70
Vitamin B12,Deva Vegan B12,Deva,Label Accuracy,51
Vitamin B12,Deva Vegan B12,Deva,Product Purity,100
Vitamin B12,Deva Vegan B12,Deva,Nutritional Value,100
Vitamin B12,Deva Vegan B12,Deva,Ingredient Safety,89
Vitamin B12,Deva Vegan B12,Deva,Projected Efficacy,70
Vitamin B12,MegaFood Vegan B12,MegaFood,Label Accuracy,38
Vitamin B12,MegaFood Vegan B12,MegaFood,Product Purity,100
Vitamin B12,MegaFood Vegan B12,MegaFood,Nutritional Value,100
Vitamin B12,MegaFood Vegan B12,MegaFood,Ingredient Safety,90
Vitamin B12,MegaFood Vegan B12,MegaFood,Projected Efficacy,70
Vitamin B6,Nature's Way Vitamin B6,Nature's Way,Label Accuracy,97
Vitamin B6,Nature's Way Vitamin B6,Nature's Way,Product Purity,100
Vitamin B6,Nature's Way Vitamin B6,Nature's Way,Nutritional Value,100
Vitamin B6,Nature's Way Vitamin B6,Nature's Way,Ingredient Safety,91
Vitamin B6,Nature's Way Vitamin B6,Nature's Way,Projected Efficacy,100
Vitamin B6,Nature Made Vitamin B6,Nature Made,Label Accuracy,98
Vitamin B6,Nature Made Vitamin B6,Nature Made,Product Purity,100
Vitamin B6,Nature Made Vitamin B6,Nature Made,Nutritional Value,100
Vitamin B6,Nature Made Vitamin B6,Nature Made,Ingredient Safety,90
Vitamin B6,Nature Made Vitamin B6,Nature Made,Projected Efficacy,100
Vitamin B6,NOW Foods Vitamin B6,NOW Foods,Label Accuracy,97
Vitamin B6,NOW Foods Vitamin B6,NOW Foods,Product Purity,100
Vitamin B6,NOW Foods Vitamin B6,NOW Foods,Nutritional Value,100
Vitamin B6,NOW Foods Vitamin B6,NOW Foods,Ingredient Safety,90
Vitamin B6,NOW Foods Vitamin B6,NOW Foods,Projected Efficacy,100
Vitamin B6,Nature's Bounty Vitamin B6,Nature's Bounty,Label Accuracy,98
Vitamin B6,Nature's Bounty Vitamin B6,Nature's Bounty,Product Purity,100
Vitamin B6,Nature's Bounty Vitamin B6,Nature's Bounty,Nutritional Value,100
Vitamin B6,Nature's Bounty Vitamin B6,Nature's Bounty,Ingredient Safety,89
Vitamin B6,Nature's Bounty Vitamin B6,Nature's Bounty,Projected Efficacy,100
Vitamin B6,Bulk Supplements Pure Vitamin B6,Bulk Supplements,Label Accuracy,69
Vitamin B6,Bulk Supplements Pure Vitamin B6,Bulk Supplements,Product Purity,100
Vitamin B6,Bulk Supplements Pure Vitamin B6,Bulk Supplements,Nutritional Value,100
Vitamin B6,Bulk Supplements Pure Vitamin B6,Bulk Supplements,Ingredient Safety,100
Vitamin B6,Bulk Supplements Pure Vitamin B6,Bulk Supplements,Projected Efficacy,95
Vitamin B6,Life Extension Vitamin B6,Life Extension,Label Accuracy,94
Vitamin B6,Life Extension Vitamin B6,Life Extension,Product Purity,100
Vitamin B6,Life Extension Vitamin B6,Life Extension,Nutritional Value,100
Vitamin B6,Life Extension Vitamin B6,Life Extension,Ingredient Safety,83
Vitamin B6,Life Extension Vitamin B6,Life Extension,Projected Efficacy,100
Vitamin B6,Solgar Vitamin B6,Solgar,Label Accuracy,93
Vitamin B6,Solgar Vitamin B6,Solgar,Product Purity,100
Vitamin B6,Solgar Vitamin B6,Solgar,Nutritional Value,100
Vitamin B6,Solgar Vitamin B6,Solgar,Ingredient Safety,95
Vitamin B6,Solgar Vitamin B6,Solgar,Projected Efficacy,86
Vitamin B6,Source Naturals Vitamin B6,Source Naturals,Label Accuracy,95
Vitamin B6,Source Naturals Vitamin B6,Source Naturals,Product Purity,100
Vitamin B6,Source Naturals Vitamin B6,Source Naturals,Nutritional Value,100
Vitamin B6,Source Naturals Vitamin B6,Source Naturals,Ingredient Safety,70
Vitamin B6,Source Naturals Vitamin B6,Source Naturals,Projected Efficacy,100
